step,system_total_stopped,system_total_waiting_time,system_mean_waiting_time,system_mean_speed
0.0,0,0.0,0.0,0.0
5.0,0,0.0,0.0,12.357300526790645
10.0,0,0.0,0.0,12.596608570636699
15.0,0,0.0,0.0,12.643729721185812
20.0,0,0.0,0.0,12.99890078902221
25.0,0,0.0,0.0,13.177690221295952
30.0,0,0.0,0.0,13.107275949064212
35.0,0,0.0,0.0,12.971396782637997
40.0,0,0.0,0.0,13.136087478703775
45.0,0,0.0,0.0,13.040653085856729
50.0,0,0.0,0.0,13.008625300339448
55.0,1,2.0,0.041666666666666664,12.870516456413952
60.0,3,10.0,0.20833333333333334,12.120978684826545
65.0,4,30.0,0.625,11.95947814761247
70.0,6,55.0,1.1458333333333333,10.528886634876786
75.0,9,94.0,1.5666666666666667,10.902756226861468
80.0,13,149.0,2.4833333333333334,10.192641537334842
85.0,12,194.0,3.2333333333333334,10.175592696738379
90.0,12,254.0,4.233333333333333,9.955502825235307
95.0,6,113.0,1.5694444444444444,10.255901955118482
100.0,9,147.0,2.0704225352112675,10.753164559042178
105.0,9,180.0,2.535211267605634,10.742817097638458
110.0,12,232.0,2.7951807228915664,10.915645790999204
115.0,12,280.0,3.3734939759036147,10.776201709379793
120.0,12,340.0,4.096385542168675,10.931103888640594
125.0,12,400.0,4.878048780487805,10.94538528972172
130.0,15,466.0,5.065217391304348,10.844060289390466
135.0,15,534.0,5.868131868131868,10.639695599141982
140.0,15,609.0,6.920454545454546,10.846750952810128
145.0,15,684.0,7.051546391752577,10.833025030652951
150.0,20,774.0,8.23404255319149,10.145751538002553
155.0,15,419.0,4.761363636363637,10.00579216056295
160.0,12,332.0,3.8160919540229883,10.366246983964569
165.0,12,341.0,3.5894736842105264,10.445369769431066
170.0,17,418.0,4.644444444444445,10.304774734208843
175.0,18,487.0,5.7976190476190474,9.966219643744331
180.0,18,577.0,6.869047619047619,9.87846982206885
185.0,18,563.0,5.926315789473684,10.058140550968968
190.0,18,632.0,6.723404255319149,10.405827598194497
195.0,19,691.0,7.593406593406593,10.203277841086576
200.0,19,786.0,7.782178217821782,10.227173599399329
205.0,17,820.0,8.2,10.306361825124622
210.0,18,910.0,9.381443298969073,10.502585216130322
215.0,20,1006.0,10.817204301075268,10.255152199524472
220.0,18,1025.0,9.761904761904763,10.368022065211791
225.0,22,1127.0,11.618556701030927,10.081961097912593
230.0,21,1224.0,13.161290322580646,9.660359479736938
235.0,25,1343.0,13.03883495145631,10.149498786667289
240.0,26,1469.0,14.544554455445544,9.827843679427943
245.0,25,1577.0,15.929292929292929,9.669854819071015
250.0,29,1711.0,18.20212765957447,8.99287032734855
255.0,29,1853.0,17.817307692307693,9.04765297827921
260.0,32,2007.0,19.676470588235293,8.878587621000298
265.0,35,2175.0,22.422680412371133,8.394718610745365
270.0,37,2355.0,25.322580645161292,8.010396401078282
275.0,37,2514.0,24.647058823529413,8.01190101812147
280.0,42,2709.0,27.09,7.449914181670307
285.0,40,2896.0,30.48421052631579,7.160385142580815
290.0,43,3104.0,30.135922330097088,7.561086952751194
295.0,31,2634.0,26.07920792079208,7.860881208148782
300.0,27,2608.0,26.343434343434343,8.739715693553302
305.0,29,2732.0,27.877551020408163,8.337059035606616
310.0,37,2901.0,26.86111111111111,8.657456544753131
315.0,32,3023.0,27.99074074074074,8.61194809614078
320.0,33,3169.0,29.34259259259259,8.723383517614435
325.0,33,3279.0,27.78813559322034,9.137584143292163
330.0,36,3452.0,29.504273504273506,8.822728917504662
335.0,34,3579.0,31.121739130434783,8.742538407559197
340.0,37,3758.0,33.55357142857143,8.445429715410201
345.0,40,3952.0,32.66115702479339,8.733194011055787
350.0,39,4135.0,35.34188034188034,8.324326232599526
355.0,42,4342.0,37.43103448275862,8.295552568232178
360.0,44,4556.0,42.57943925233645,7.634421128802724
365.0,46,4781.0,40.863247863247864,7.873668039487568
370.0,39,4659.0,40.86842105263158,7.7806147620726405
375.0,37,4803.0,43.663636363636364,8.343901337642757
380.0,39,4993.0,41.95798319327731,8.411697222316619
385.0,36,3563.0,30.45299145299145,8.34909553422019
390.0,31,1687.0,14.669565217391304,8.645923357116457
395.0,18,420.0,3.652173913043478,8.718675933854588
400.0,19,129.0,1.048780487804878,9.310006962265534
405.0,22,206.0,1.7457627118644068,9.202683746641956
410.0,26,272.0,2.365217391304348,8.979549355616326
415.0,32,417.0,3.283464566929134,9.232977218083732
420.0,31,436.0,3.488,9.330805828216697
425.0,33,595.0,4.798387096774194,9.489515057925836
430.0,31,560.0,4.705882352941177,9.28524310790146
435.0,24,393.0,3.1951219512195124,9.555625872582546
440.0,15,198.0,1.6363636363636365,9.796602232647352
445.0,13,84.0,0.7304347826086957,9.94179190643182
450.0,17,113.0,1.0,9.4524368691446
455.0,26,224.0,1.8512396694214877,9.664162801289878
460.0,29,348.0,3.107142857142857,9.571203880517272
465.0,32,503.0,4.614678899082569,9.443230065207992
470.0,32,663.0,5.61864406779661,9.198787679911426
475.0,35,834.0,7.315789473684211,8.908688892383207
480.0,32,781.0,7.1,8.858190116155782
485.0,24,567.0,5.349056603773585,9.06526150384395
490.0,16,348.0,3.026086956521739,9.415430393806686
495.0,17,284.0,2.6055045871559632,9.17768874937342
500.0,19,348.0,3.1926605504587156,8.95774393010341
505.0,19,409.0,3.587719298245614,9.49155442415582
510.0,17,477.0,4.376146788990826,9.509201387665872
515.0,24,580.0,5.420560747663552,9.058072584098625
520.0,23,324.0,3.056603773584906,8.839515755657938
525.0,28,351.0,3.0258620689655173,9.335414963345245
530.0,31,504.0,4.3826086956521735,9.3197022637705
535.0,31,640.0,5.7657657657657655,9.048017346722554
540.0,33,803.0,7.435185185185185,9.019286864841973
545.0,36,973.0,8.460869565217392,9.021354940503286
550.0,26,708.0,6.4363636363636365,8.99554987766825
555.0,23,747.0,6.916666666666667,9.690928301039126
560.0,25,587.0,5.017094017094017,9.369986049635743
565.0,22,273.0,2.4375,9.549490254093538
570.0,13,147.0,1.3125,10.04491788917443
575.0,20,230.0,2.149532710280374,9.54984263716166
580.0,24,242.0,2.086206896551724,9.257241817844147
585.0,31,386.0,3.415929203539823,9.285327135026286
590.0,30,524.0,4.851851851851852,9.071354069373577
595.0,32,681.0,5.82051282051282,9.201147493346001
600.0,35,846.0,7.293103448275862,8.786412247857164
605.0,37,1030.0,9.196428571428571,8.801301148363681
610.0,36,1197.0,11.29245283018868,8.33549528916653
615.0,39,1382.0,12.12280701754386,8.328022259736727
620.0,42,1588.0,14.306306306306306,8.083412598172638
625.0,43,1794.0,16.92452830188679,7.432530170132862
630.0,47,2021.0,19.62135922330097,7.034838304553931
635.0,44,2227.0,20.063063063063062,7.41507296536192
640.0,48,2460.0,22.568807339449542,7.249372503962025
645.0,35,1766.0,16.660377358490567,7.335681736113858
650.0,29,1587.0,13.921052631578947,8.86174837753717
655.0,30,1720.0,15.221238938053098,8.916120937731213
660.0,36,1890.0,17.027027027027028,8.278417358671367
665.0,34,2018.0,18.685185185185187,8.3098311574478
670.0,33,2157.0,18.279661016949152,8.845310388438596
675.0,32,1705.0,14.44915254237288,8.610872476819655
680.0,27,859.0,7.279661016949152,8.821243632403345
685.0,21,344.0,2.6666666666666665,9.197909531174899
690.0,23,283.0,2.2283464566929134,9.27528313428158
695.0,23,356.0,2.870967741935484,9.197027135537473
700.0,22,424.0,3.563025210084034,9.150602371447754
705.0,21,509.0,4.072,9.358605485950616
710.0,28,636.0,5.3,8.860112704199407
715.0,28,453.0,3.973684210526316,8.643343418654851
720.0,28,538.0,4.846846846846847,9.217466151590482
725.0,33,677.0,5.641666666666667,9.292353577692984
730.0,36,849.0,7.318965517241379,8.79239351358271
735.0,33,637.0,5.587719298245614,8.55014535774372
740.0,31,672.0,5.463414634146342,9.074967884407666
745.0,29,595.0,5.0,8.675233436045266
750.0,28,421.0,3.6608695652173915,8.954110620032127
755.0,21,304.0,2.7636363636363637,8.676846599752068
760.0,26,426.0,3.55,8.98160326320541
765.0,27,286.0,2.4444444444444446,8.967858062762092
770.0,27,377.0,3.3660714285714284,9.084334926206052
775.0,28,362.0,2.9917355371900825,9.297728272062074
780.0,29,447.0,3.853448275862069,9.105521422052446
785.0,28,416.0,3.6491228070175437,9.043705371158728
790.0,20,273.0,2.4594594594594597,9.401298087688224
795.0,17,232.0,1.886178861788618,9.586707516734021
800.0,28,338.0,2.793388429752066,9.079300982627682
805.0,26,284.0,2.427350427350427,9.335897569842505
810.0,26,408.0,3.7777777777777777,9.341618549828981
815.0,28,537.0,4.5508474576271185,9.668273565854083
820.0,34,693.0,6.026086956521739,9.290214815693872
825.0,33,833.0,7.785046728971962,8.7826956529429
830.0,36,1003.0,8.64655172413793,8.878664063603143
835.0,27,706.0,6.303571428571429,8.923545750550948
840.0,24,763.0,6.8125,9.824872091755518
845.0,25,592.0,5.481481481481482,9.08162296795251
850.0,20,245.0,2.130434782608696,9.658693381506739
855.0,11,140.0,1.2612612612612613,9.841642457240292
860.0,20,221.0,2.0462962962962963,9.666524680018222
865.0,21,279.0,2.3445378151260505,9.84652663106788
870.0,17,304.0,2.690265486725664,9.921047768743037
875.0,20,380.0,3.392857142857143,9.84587385537122
880.0,26,495.0,4.541284403669724,9.543051442755623
885.0,25,437.0,3.7033898305084745,9.714839202102809
890.0,27,556.0,4.87719298245614,9.78675653912824
895.0,29,698.0,6.4036697247706424,9.668546552008713
900.0,28,827.0,8.353535353535353,9.010873184339296
905.0,32,979.0,8.98165137614679,8.887037291177831
910.0,36,1157.0,11.019047619047619,8.691664113662338
915.0,23,649.0,6.425742574257426,8.875422865610782
920.0,20,621.0,5.594594594594595,10.031282242364622
925.0,22,728.0,6.678899082568807,10.127484907010274
930.0,23,840.0,8.076923076923077,9.962243045971498
935.0,18,598.0,5.862745098039215,9.80758570388138
940.0,15,201.0,1.8440366972477065,9.963101145080607
945.0,12,106.0,0.9814814814814815,10.033427617215155
950.0,20,191.0,1.7850467289719627,10.20577971371485
955.0,20,253.0,2.1810344827586206,10.45786527087702
960.0,23,364.0,3.192982456140351,10.206696660258018
965.0,16,227.0,2.0088495575221237,10.305752781441125
970.0,18,299.0,2.7685185185185186,10.21130327791122
975.0,22,383.0,3.419642857142857,10.137732215400808
980.0,25,505.0,4.675925925925926,10.093678424804718
985.0,20,395.0,3.7264150943396226,10.037904454722923
990.0,13,167.0,1.7216494845360826,10.2216722245726
995.0,12,216.0,2.057142857142857,9.787084711959796
1000.0,25,319.0,3.127450980392157,9.476035414907617
1005.0,19,255.0,2.6288659793814433,9.473774497201788
1010.0,21,357.0,3.336448598130841,10.313842068849834
1015.0,15,197.0,1.8942307692307692,10.127899984483555
1020.0,17,272.0,2.7755102040816326,10.429471956928309
1025.0,17,357.0,3.838709677419355,10.392214499440945
1030.0,18,418.0,4.098039215686274,10.3858713635329
1035.0,21,517.0,5.068627450980392,10.395401176882128
1040.0,19,597.0,6.03030303030303,10.39095257370426
1045.0,20,694.0,6.425925925925926,10.678317817499206
1050.0,17,475.0,4.523809523809524,10.224808910527276
1055.0,13,169.0,1.6568627450980393,10.42954128526346
1060.0,9,54.0,0.5510204081632653,10.237035264507735
1065.0,18,122.0,1.1401869158878504,10.05251497482789
1070.0,18,141.0,1.3823529411764706,9.975428936429722
1075.0,18,231.0,2.431578947368421,10.029731602259922
1080.0,14,195.0,2.096774193548387,10.137402641199285
1085.0,15,269.0,2.6633663366336635,10.57206194061656
1090.0,16,316.0,3.2244897959183674,10.259321352996768
1095.0,20,408.0,4.25,10.111101060810261
1100.0,19,468.0,4.457142857142857,10.222134540831021
1105.0,20,566.0,5.495145631067961,10.156063859036719
1110.0,22,673.0,6.663366336633663,10.068654592608066
1115.0,23,786.0,8.020408163265307,9.637032215044774
1120.0,18,758.0,7.150943396226415,9.663507986154109
1125.0,24,871.0,8.53921568627451,9.846824562519997
1130.0,18,579.0,6.159574468085107,9.892288206733765
1135.0,9,140.0,1.3461538461538463,10.674672633046505
1140.0,11,136.0,1.3737373737373737,10.208411653642765
1145.0,21,221.0,2.3263157894736843,9.689155717648124
1150.0,25,344.0,3.739130434782609,9.337990452469352
1155.0,23,380.0,3.7254901960784315,8.648800352816174
1160.0,22,414.0,4.099009900990099,9.127585425762058
1165.0,25,521.0,5.158415841584159,8.88077878869645
1170.0,32,665.0,6.785714285714286,8.346720385018008
1175.0,30,780.0,7.155963302752293,8.780931411843866
1180.0,27,884.0,8.666666666666666,8.784418111743829
1185.0,32,1025.0,10.56701030927835,7.735481124419523
1190.0,40,1207.0,11.280373831775702,7.732785850650202
1195.0,31,1013.0,9.556603773584905,7.944558630761072
1200.0,29,1107.0,10.96039603960396,8.810807117259609
1205.0,17,337.0,3.404040404040404,8.873200185165224
1210.0,13,199.0,1.7927927927927927,10.221698977541003
1215.0,13,231.0,2.1192660550458715,9.993131330643484
1220.0,20,320.0,2.9906542056074765,10.19966681949883
1225.0,16,188.0,1.606837606837607,10.212888947217525
1230.0,20,198.0,1.7217391304347827,10.14987835584388
1235.0,15,146.0,1.3035714285714286,10.36748606807404
1240.0,13,171.0,1.5405405405405406,10.72442905533693
1245.0,13,155.0,1.2916666666666667,10.78486318667864
1250.0,17,230.0,1.9658119658119657,10.588004925428887
1255.0,14,204.0,1.7894736842105263,10.809255126954243
1260.0,14,263.0,2.457943925233645,11.076218710188309
1265.0,10,154.0,1.375,10.828313086222732
1270.0,14,210.0,2.0,10.912286389712087
1275.0,16,280.0,2.772277227722772,10.387173782670283
1280.0,19,372.0,3.4128440366972477,10.479970247975444
1285.0,19,419.0,4.028846153846154,10.143725979071414
1290.0,21,520.0,5.252525252525253,10.074841884972873
1295.0,10,175.0,1.8617021276595744,10.08635731486974
1300.0,8,130.0,1.2621359223300972,11.19615934754668
1305.0,9,165.0,1.683673469387755,10.97385579882114
1310.0,13,227.0,2.467391304347826,10.664299114987818
1315.0,14,249.0,2.4653465346534653,10.226972564746061
1320.0,20,341.0,3.479591836734694,10.002470914852415
1325.0,14,190.0,1.958762886597938,10.066239918568545
1330.0,15,252.0,2.6808510638297873,10.141324949898804
1335.0,11,124.0,1.1923076923076923,10.556303680983985
1340.0,13,165.0,1.6019417475728155,10.764718434103152
1345.0,9,68.0,0.6868686868686869,10.663544615292295
1350.0,11,121.0,1.2736842105263158,11.080602646798681
1355.0,10,123.0,1.2058823529411764,11.067424422437094
1360.0,15,183.0,1.8484848484848484,10.889167475176244
1365.0,12,159.0,1.7096774193548387,10.864044674229007
1370.0,13,222.0,2.198019801980198,10.889560661765799
1375.0,7,82.0,0.8367346938775511,10.768142331489326
1380.0,9,123.0,1.2947368421052632,11.416470992893782
1385.0,6,47.0,0.5053763440860215,11.342275373760703
1390.0,7,78.0,0.7878787878787878,11.276958238117812
1395.0,10,65.0,0.6770833333333334,11.153389608008618
1400.0,11,118.0,1.2967032967032968,11.279551414757476
1405.0,7,94.0,0.94,11.605886062620513
1410.0,11,137.0,1.3838383838383839,11.120045450920443
1415.0,7,70.0,0.7291666666666666,11.299235156074246
1420.0,9,111.0,1.2065217391304348,11.63194911736766
1425.0,2,23.0,0.23,12.078659664801897
1430.0,5,41.0,0.422680412371134,12.091811177009347
1435.0,4,24.0,0.26373626373626374,11.976684415902652
1440.0,5,49.0,0.5632183908045977,11.86159096522759
1445.0,7,42.0,0.4421052631578947,11.41393935025039
1450.0,12,95.0,1.0674157303370786,11.317804198053452
1455.0,6,52.0,0.6046511627906976,11.135630842792464
1460.0,7,81.0,0.8350515463917526,11.735125176219213
1465.0,4,40.0,0.4166666666666667,11.756349077773114
1470.0,6,70.0,0.7777777777777778,12.015959703432864
1475.0,4,41.0,0.4823529411764706,11.848322058059795
1480.0,6,65.0,0.7303370786516854,11.749129197484406
1485.0,7,57.0,0.6551724137931034,11.505966915758671
1490.0,9,98.0,1.2098765432098766,11.332608109137986
1495.0,7,69.0,0.75,11.747276605694807
1500.0,8,107.0,1.202247191011236,11.711953362698884
1505.0,3,17.0,0.19767441860465115,11.90236224568181
1510.0,4,35.0,0.4166666666666667,12.050306029700074
1515.0,3,33.0,0.3626373626373626,12.180787930337026
1520.0,7,59.0,0.6555555555555556,12.027607207570368
1525.0,5,44.0,0.5301204819277109,12.127203306989655
1530.0,7,73.0,0.9012345679012346,11.89489841766011
1535.0,5,42.0,0.4666666666666667,11.598465279136613
1540.0,8,80.0,0.9195402298850575,11.926796735820707
1545.0,3,21.0,0.24705882352941178,12.325668452417176
1550.0,5,38.0,0.41304347826086957,12.132172447153922
1555.0,5,34.0,0.37777777777777777,11.988423584661662
1560.0,8,70.0,0.8333333333333334,11.804128782325192
1565.0,6,61.0,0.7721518987341772,11.355557097289937
1570.0,11,105.0,1.1931818181818181,11.234436087067529
1575.0,6,46.0,0.5476190476190477,11.570155121484971
1580.0,7,79.0,0.9634146341463414,11.928392684758446
1585.0,3,27.0,0.2903225806451613,11.792148964142052
1590.0,7,52.0,0.5652173913043478,11.635971005103409
1595.0,6,40.0,0.46511627906976744,11.784673029049847
1600.0,7,74.0,0.891566265060241,11.724603112081939
1605.0,8,84.0,0.9655172413793104,11.511721241670555
1610.0,11,132.0,1.5714285714285714,11.162333070671353
1615.0,7,71.0,0.8658536585365854,10.931598086912123
1620.0,10,116.0,1.4146341463414633,11.228817224172001
1625.0,3,34.0,0.38202247191011235,11.852400719983127
1630.0,4,52.0,0.6265060240963856,11.969401437168615
1635.0,4,34.0,0.425,11.762843716575492
1640.0,8,65.0,0.7142857142857143,11.64813330006694
1645.0,7,74.0,0.8505747126436781,11.542874056331065
1650.0,9,116.0,1.3975903614457832,11.485250061213657
1655.0,4,31.0,0.38271604938271603,11.565203112404953
1660.0,6,55.0,0.6111111111111112,11.817936758323022
1665.0,5,35.0,0.39325842696629215,11.549463193399863
1670.0,9,71.0,0.8068181818181818,11.495739478884634
1675.0,8,74.0,0.7789473684210526,11.4503862134524
1680.0,12,123.0,1.3516483516483517,10.82521819441769
1685.0,11,123.0,1.4137931034482758,10.903048148494108
1690.0,13,182.0,2.1927710843373496,10.870322522946207
1695.0,7,82.0,0.9010989010989011,10.968411369009782
1700.0,9,124.0,1.3932584269662922,11.149031651364783
1705.0,3,23.0,0.26744186046511625,11.332011190960817
1710.0,7,46.0,0.5476190476190477,11.51450054057801
1715.0,6,43.0,0.45263157894736844,11.644213682196323
1720.0,9,81.0,0.9,11.516458732832636
1725.0,7,55.0,0.6395348837209303,11.573246727332927
1730.0,8,91.0,0.9578947368421052,11.600207820203616
1735.0,6,68.0,0.723404255319149,11.222076261629997
1740.0,9,111.0,1.2613636363636365,11.369382273307558
1745.0,4,37.0,0.43529411764705883,11.36561198010771
1750.0,5,61.0,0.6421052631578947,11.929827078209742
1755.0,8,47.0,0.5164835164835165,11.445095847253286
1760.0,9,92.0,1.0952380952380953,11.47561946967281
1765.0,6,61.0,0.6559139784946236,11.437940094683954
1770.0,10,103.0,1.1573033707865168,11.21122261287427
1775.0,7,61.0,0.7093023255813954,11.025680488382086
1780.0,9,104.0,1.2682926829268293,11.339317776241248
1785.0,6,44.0,0.46808510638297873,11.121623557485044
1790.0,9,84.0,0.9032258064516129,11.485478564147524
1795.0,6,72.0,0.7912087912087912,11.507317598506836
1800.0,10,111.0,1.2758620689655173,11.454366289784991
1805.0,7,89.0,0.956989247311828,11.40851741165738
1810.0,12,139.0,1.5977011494252873,11.215583953908386
1815.0,7,42.0,0.5,10.773964218407919
1820.0,10,85.0,0.8947368421052632,11.210037834971688
1825.0,8,79.0,0.8404255319148937,11.214468184463144
1830.0,10,126.0,1.4,11.558058549683947
1835.0,7,63.0,0.75,11.259610438114125
1840.0,12,109.0,1.1720430107526882,11.092686857828008
1845.0,11,120.0,1.3186813186813187,11.163818235304582
1850.0,12,179.0,2.130952380952381,11.240703284860384
1855.0,6,71.0,0.7634408602150538,11.157437912569067
1860.0,11,114.0,1.2391304347826086,11.278562301737717
1865.0,7,40.0,0.449438202247191,11.462449590362521
1870.0,9,77.0,0.9166666666666666,11.538554633311005
1875.0,7,71.0,0.7553191489361702,11.76978046956117
1880.0,9,111.0,1.1935483870967742,11.718160852986628
1885.0,8,90.0,1.0,11.309702524451867
1890.0,11,141.0,1.6395348837209303,10.856230732362173
1895.0,10,85.0,0.9139784946236559,10.928941142282051
1900.0,11,140.0,1.5217391304347827,11.472287322823401
1905.0,4,40.0,0.449438202247191,11.71362233348227
1910.0,5,58.0,0.6041666666666666,12.102044334092852
1915.0,6,42.0,0.45652173913043476,12.003930017724285
1920.0,7,76.0,0.8735632183908046,11.924935454067901
1925.0,7,67.0,0.8375,11.838041147977057
1930.0,8,103.0,1.1195652173913044,11.72785908752188
1935.0,7,61.0,0.6853932584269663,11.578374889009025
1940.0,8,97.0,1.127906976744186,11.515496023496178
1945.0,6,50.0,0.5208333333333334,11.767958436145761
1950.0,7,82.0,0.9111111111111111,11.820349536604938
1955.0,5,54.0,0.6206896551724138,11.841713245980626
1960.0,7,86.0,1.011764705882353,11.391127498715239
1965.0,9,69.0,0.7582417582417582,10.890386252110684
1970.0,14,130.0,1.5294117647058822,10.813370665145206
1975.0,7,73.0,0.8795180722891566,10.976663180687046
1980.0,8,112.0,1.3658536585365855,11.36125213542052
1985.0,5,29.0,0.31521739130434784,11.470172222824141
1990.0,6,59.0,0.686046511627907,11.796435300998477
1995.0,5,45.0,0.5294117647058824,11.986590286828632
2000.0,6,72.0,0.782608695652174,12.060292097827762
2005.0,6,73.0,0.8111111111111111,11.588296738115764
2010.0,12,116.0,1.3333333333333333,10.719711404315765
2015.0,8,67.0,0.8170731707317073,10.623192237951566
2020.0,9,112.0,1.2043010752688172,11.3630342168061
2025.0,5,62.0,0.6966292134831461,11.298130052465273
2030.0,7,96.0,1.1162790697674418,11.304746207855102
2035.0,7,53.0,0.5638297872340425,11.140385534262288
2040.0,11,98.0,1.101123595505618,10.880899732770196
2045.0,11,115.0,1.3372093023255813,10.569823925240257
2050.0,12,172.0,2.023529411764706,10.49117277314876
2055.0,4,54.0,0.5684210526315789,11.212518142032403
2060.0,5,77.0,0.8369565217391305,11.673661881493674
2065.0,2,11.0,0.12359550561797752,11.65172271300866
2070.0,5,31.0,0.36046511627906974,11.669226343076541
2075.0,6,53.0,0.5638297872340425,11.673432325798172
2080.0,9,89.0,0.978021978021978,11.4281827028606
2085.0,8,84.0,0.9545454545454546,11.163866150511183
2090.0,9,129.0,1.316326530612245,11.258064776053121
2095.0,4,44.0,0.46808510638297873,11.231514963318263
2100.0,7,78.0,0.8764044943820225,11.469631115156053
2105.0,2,15.0,0.17857142857142858,11.905429287337963
2110.0,5,31.0,0.33695652173913043,11.55133822536915
2115.0,8,44.0,0.4835164835164835,11.031612521841783
2120.0,11,94.0,1.0804597701149425,10.854209880333572
2125.0,10,97.0,1.0210526315789474,11.121779398723419
2130.0,13,155.0,1.6666666666666667,10.799593061316076
2135.0,7,97.0,1.0898876404494382,10.792590309623572
2140.0,10,143.0,1.6436781609195403,11.25716428046799
2145.0,3,17.0,0.17708333333333334,11.39747916726524
2150.0,7,46.0,0.5,11.591998555919046
2155.0,5,34.0,0.38202247191011235,11.774180545658014
2160.0,8,71.0,0.8255813953488372,11.257633548492914
2165.0,8,85.0,0.9139784946236559,11.423005532172972
2170.0,11,133.0,1.4943820224719102,11.40466109920638
2175.0,7,91.0,1.0340909090909092,11.312581896394995
2180.0,9,131.0,1.3789473684210527,11.67622091225855
2185.0,4,37.0,0.3978494623655914,11.86611354745328
2190.0,4,57.0,0.6333333333333333,12.332633625936241
2195.0,2,16.0,0.19047619047619047,11.97895281140141
2200.0,6,39.0,0.41935483870967744,11.947127811002236
2205.0,5,28.0,0.3076923076923077,11.82809287847735
2210.0,7,57.0,0.6705882352941176,11.855820027500577
2215.0,4,30.0,0.3191489361702128,12.052590183906787
2220.0,8,61.0,0.6630434782608695,11.735065755523964
2225.0,3,23.0,0.26436781609195403,11.792861614433399
2230.0,4,40.0,0.47619047619047616,12.055933167926021
2235.0,6,65.0,0.7065217391304348,11.680547731772279
2240.0,8,65.0,0.7386363636363636,11.151352018787852
2245.0,10,113.0,1.3614457831325302,11.386461202267391
2250.0,6,85.0,1.0493827160493827,11.318677405612927
2255.0,9,121.0,1.3908045977011494,11.203222435725344
2260.0,7,56.0,0.6666666666666666,11.168471945582262
2265.0,7,91.0,1.123456790123457,11.166251320057551
2270.0,5,35.0,0.38461538461538464,11.714905934138587
2275.0,6,64.0,0.735632183908046,11.764716655284968
2280.0,6,34.0,0.4,11.510945394074172
2285.0,8,70.0,0.8433734939759037,11.455897918255378
2290.0,8,79.0,0.8977272727272727,11.12543665431089
2295.0,13,133.0,1.528735632183908,10.84963925362646
2300.0,8,89.0,1.0595238095238095,10.711619092675573
2305.0,9,133.0,1.4301075268817205,11.186038162622307
2310.0,4,45.0,0.4838709677419355,11.067605986910797
2315.0,7,78.0,0.8764044943820225,11.277737464123947
2320.0,8,66.0,0.7674418604651163,11.100648664913525
2325.0,10,111.0,1.168421052631579,11.087656197885563
2330.0,7,98.0,1.101123595505618,11.070996950110871
2335.0,10,140.0,1.6666666666666667,10.682489116008732
2340.0,8,64.0,0.7804878048780488,10.644666766477
2345.0,8,101.0,1.10989010989011,11.390540741376482
2350.0,6,50.0,0.5494505494505495,11.471704240666705
2355.0,6,72.0,0.8089887640449438,11.494959741736444
2360.0,7,51.0,0.5151515151515151,11.204243407500288
2365.0,14,103.0,1.1195652173913044,10.805230205996134
2370.0,11,118.0,1.3111111111111111,10.887865451622174
2375.0,12,176.0,2.070588235294118,10.862689907214522
2380.0,6,77.0,0.8105263157894737,11.155642132627674
2385.0,11,119.0,1.2795698924731183,11.110961417234499
2390.0,3,23.0,0.25274725274725274,10.996768359202914
2395.0,9,56.0,0.5656565656565656,11.341756593333528
2400.0,9,69.0,0.7340425531914894,11.195371503218672
2405.0,12,125.0,1.3736263736263736,11.311734460145534
2410.0,8,119.0,1.367816091954023,11.173942878066507
2415.0,11,166.0,1.7291666666666667,11.364277433055799
2420.0,5,57.0,0.6195652173913043,11.455893239681162
2425.0,8,90.0,1.0112359550561798,11.769068914287548
2430.0,2,28.0,0.3181818181818182,11.963733951613646
2435.0,6,53.0,0.5520833333333334,11.649429756799885
2440.0,6,36.0,0.3956043956043956,11.660836359239259
2445.0,8,73.0,0.8295454545454546,11.534285571636728
2450.0,9,82.0,0.8631578947368421,11.123305580356243
2455.0,12,135.0,1.5,11.06430083269036
2460.0,6,64.0,0.7441860465116279,11.081415119633999
2465.0,8,102.0,1.2142857142857142,11.273149936412933
2470.0,5,54.0,0.5684210526315789,11.137191936948076
2475.0,10,97.0,1.0543478260869565,11.470050996987753
2480.0,6,65.0,0.7386363636363636,11.555725165683878
2485.0,8,98.0,1.0425531914893618,11.630549195131074
2490.0,11,89.0,0.978021978021978,11.11964216748601
2495.0,11,144.0,1.6363636363636365,11.301978956142392
2500.0,5,57.0,0.6705882352941176,11.375292922295388
2505.0,8,91.0,0.9479166666666666,11.499751179782939
2510.0,5,41.0,0.43617021276595747,11.543169300846047
2515.0,8,72.0,0.7912087912087912,11.758253474683695
2520.0,8,72.0,0.8571428571428571,11.165192767158658
2525.0,10,119.0,1.3522727272727273,11.19896836189097
2530.0,8,99.0,1.1647058823529413,11.128996884682534
2535.0,9,144.0,1.7142857142857142,11.22822332660663
2540.0,4,51.0,0.5483870967741935,11.455203361050662
2545.0,8,85.0,0.9340659340659341,11.656999990986316
2550.0,3,25.0,0.2808988764044944,11.405749086232658
2555.0,8,59.0,0.6781609195402298,11.520781753932305
2560.0,9,76.0,0.8,11.187180875058395
2565.0,12,135.0,1.4673913043478262,11.089542993243233
2570.0,10,128.0,1.471264367816092,10.484376248147676
2575.0,15,192.0,1.9793814432989691,10.943245990106815
2580.0,12,204.0,2.217391304347826,10.652710707508426
2585.0,15,272.0,2.9565217391304346,10.718721796252348
2590.0,14,318.0,3.7411764705882353,10.310452126641252
2595.0,18,401.0,4.177083333333333,10.455090124262844
2600.0,10,114.0,1.2391304347826086,10.507163446455992
2605.0,8,102.0,1.2289156626506024,11.081052065341343
2610.0,8,94.0,1.146341463414634,10.97112621650038
2615.0,10,144.0,1.5824175824175823,11.076693734081932
2620.0,7,64.0,0.7191011235955056,11.025079669104741
2625.0,11,114.0,1.2808988764044944,11.01267212332206
2630.0,8,73.0,0.7604166666666666,10.888176356004843
2635.0,9,113.0,1.1770833333333333,11.336356286222413
2640.0,8,114.0,1.2527472527472527,11.459006762374447
2645.0,8,142.0,1.6136363636363635,11.412327315453664
2650.0,10,165.0,1.65,11.342707630261438
2655.0,14,229.0,2.3854166666666665,10.770240776269128
2660.0,12,254.0,2.760869565217391,10.51645995725279
2665.0,18,331.0,3.2135922330097086,10.721983418678795
2670.0,13,328.0,3.4166666666666665,10.469411563757214
2675.0,17,406.0,4.365591397849462,10.700416620529058
2680.0,13,418.0,4.75,10.551264311997699
2685.0,16,489.0,5.315217391304348,10.413405124211236
2690.0,12,491.0,5.336956521739131,10.334110828206878
2695.0,15,563.0,6.3977272727272725,10.536226971002913
2700.0,11,589.0,6.929411764705883,9.883954835613705
2705.0,16,665.0,7.0,10.542157049589386
2710.0,16,732.0,7.870967741935484,10.421740914422884
2715.0,17,815.0,8.956043956043956,10.189752970773748
2720.0,16,837.0,8.37,9.88225414245062
2725.0,19,930.0,9.587628865979381,10.184571306265072
2730.0,21,1030.0,11.075268817204302,9.84560106920822
2735.0,16,490.0,5.444444444444445,9.89594235534736
2740.0,9,133.0,1.3434343434343434,10.635877779094645
2745.0,12,154.0,1.5714285714285714,10.283424028979423
2750.0,19,235.0,2.473684210526316,9.888593344531172
2755.0,22,339.0,3.323529411764706,9.672173203807766
2760.0,25,461.0,4.61,9.077042873182346
2765.0,16,255.0,2.65625,9.438218469358661
2770.0,15,309.0,3.358695652173913,9.961364022205416
2775.0,17,390.0,3.979591836734694,10.175211183420169
2780.0,18,472.0,5.075268817204301,9.74757933258025
2785.0,20,568.0,6.10752688172043,9.92351884308669
2790.0,16,392.0,4.21505376344086,9.834417163572619
2795.0,10,138.0,1.3269230769230769,10.440125704439415
2800.0,10,151.0,1.495049504950495,10.49113117275868
2805.0,17,215.0,2.1717171717171717,10.060746664131406
2810.0,17,283.0,2.6203703703703702,10.302847069075673
2815.0,20,374.0,3.462962962962963,10.051084649665203
2820.0,20,465.0,4.5588235294117645,9.742305378598616
2825.0,21,568.0,5.68,9.54178734721013
2830.0,20,508.0,4.7924528301886795,9.36125081461887
2835.0,19,461.0,4.564356435643564,9.538614645349881
2840.0,18,528.0,5.5,9.494460775632257
2845.0,24,634.0,5.981132075471698,9.822340088223829
2850.0,19,704.0,6.97029702970297,9.42172178428238
2855.0,21,795.0,7.95,9.760216154404116
2860.0,23,898.0,9.070707070707071,9.281112706928676
2865.0,26,1020.0,9.444444444444445,9.287110663990587
2870.0,28,1145.0,11.009615384615385,9.208044685223458
2875.0,30,1290.0,12.647058823529411,9.121889730590372
2880.0,28,1425.0,14.540816326530612,8.792373451452178
2885.0,32,1578.0,14.61111111111111,8.954656618014761
2890.0,27,1063.0,10.028301886792454,8.750667428379504
2895.0,22,734.0,6.9904761904761905,9.023885262462276
2900.0,12,140.0,1.2727272727272727,9.450188559442912
2905.0,15,101.0,0.9439252336448598,9.963073306523837
2910.0,17,137.0,1.3047619047619048,9.839747761500753
2915.0,24,243.0,2.3823529411764706,9.58990627432188
2920.0,20,246.0,2.256880733944954,10.040117074782373
2925.0,14,209.0,1.971698113207547,10.621871804988732
2930.0,11,146.0,1.4038461538461537,10.465688145222938
2935.0,16,195.0,1.6956521739130435,10.8707508548897
2940.0,20,271.0,2.3771929824561404,10.476849260971195
2945.0,22,377.0,3.458715596330275,10.412764918705747
2950.0,17,374.0,3.4953271028037385,10.313246434139403
2955.0,18,410.0,3.5344827586206895,10.439905414878673
2960.0,14,395.0,3.6574074074074074,10.259460527269143
2965.0,18,478.0,4.686274509803922,10.297417767900551
2970.0,14,497.0,5.123711340206185,10.285861624065927
2975.0,21,586.0,5.689320388349515,10.35261870103395
2980.0,16,604.0,5.98019801980198,10.472342938864815
2985.0,17,679.0,6.858585858585859,10.657528824796264
2990.0,13,705.0,6.714285714285714,10.699009168559018
2995.0,17,782.0,7.666666666666667,10.45796452257683
3000.0,15,838.0,8.464646464646465,10.536465610883425
3005.0,17,918.0,9.663157894736843,10.674692847726725
3010.0,18,975.0,9.375,10.356547939276425
3015.0,20,1073.0,10.73,10.316454881076416
3020.0,18,518.0,5.51063829787234,9.884457496747668
3025.0,11,117.0,1.1818181818181819,10.1782067165707
3030.0,6,49.0,0.5,9.999320018156666
3035.0,16,110.0,1.134020618556701,10.267185622739374
3040.0,14,120.0,1.2903225806451613,10.452602341980453
3045.0,15,192.0,1.92,10.439990968916755
3050.0,14,216.0,2.2268041237113403,10.342891379978788
3055.0,17,298.0,3.136842105263158,10.004289883906896
3060.0,21,398.0,4.373626373626373,9.60064465995642
3065.0,19,436.0,4.36,9.923444882258465
3070.0,20,536.0,5.525773195876289,10.077529546209371
3075.0,16,534.0,5.5625,9.886167699253122
3080.0,21,628.0,5.9245283018867925,10.116884232145015
3085.0,20,717.0,6.828571428571428,10.229471046489657
3090.0,21,818.0,8.18,10.011934894626757
3095.0,21,916.0,9.541666666666666,9.653427586521241
3100.0,22,1026.0,10.058823529411764,9.943911637354702
3105.0,23,1137.0,11.37,9.414621835884253
3110.0,26,1262.0,12.877551020408163,9.352624517853483
3115.0,28,1395.0,13.037383177570094,9.244017015066426
3120.0,26,1012.0,9.73076923076923,9.003366586284427
3125.0,18,382.0,3.82,9.265106481252694
3130.0,16,330.0,3.4375,8.9808777454105
3135.0,24,432.0,4.114285714285714,9.060742628556591
3140.0,23,398.0,3.9019607843137254,9.013016309011935
3145.0,25,516.0,5.26530612244898,9.297541125846871
3150.0,22,530.0,5.463917525773196,9.285465436175937
3155.0,18,504.0,4.710280373831775,9.712995620138265
3160.0,17,182.0,1.7333333333333334,9.342704084683824
3165.0,18,153.0,1.53,9.371413813335742
3170.0,20,182.0,1.6697247706422018,9.825349590827162
3175.0,26,299.0,2.743119266055046,9.75186838869777
3180.0,22,383.0,3.5794392523364484,9.580584968702388
3185.0,24,500.0,4.854368932038835,9.454140892119057
3190.0,27,628.0,5.607142857142857,9.497218778643399
3195.0,28,768.0,7.177570093457944,9.33265877275021
3200.0,30,914.0,8.704761904761904,8.952342434615215
3205.0,26,802.0,7.035087719298246,9.185670640135635
3210.0,25,647.0,5.881818181818182,8.92645373863384
3215.0,14,155.0,1.4485981308411215,9.22726860058936
3220.0,15,146.0,1.4038461538461537,9.85012336539098
3225.0,17,154.0,1.3873873873873874,9.874957746656651
3230.0,24,262.0,2.403669724770642,9.70656438692099
3235.0,20,260.0,2.5,9.770433812688898
3240.0,14,233.0,2.33,10.060216352143517
3245.0,20,320.0,2.9906542056074765,10.16639396520051
3250.0,25,432.0,4.0754716981132075,9.567799192277397
3255.0,19,297.0,2.80188679245283,9.626847489948652
3260.0,21,379.0,3.211864406779661,10.241491451734486
3265.0,19,223.0,1.956140350877193,9.97528642646895
3270.0,18,259.0,2.3545454545454545,10.417936902644376
3275.0,14,175.0,1.650943396226415,10.186724110049463
3280.0,16,166.0,1.5229357798165137,10.62388024370274
3285.0,19,186.0,1.7884615384615385,10.210791727004208
3290.0,24,294.0,3.0,9.705825815075547
3295.0,17,234.0,2.1666666666666665,10.085765664360826
3300.0,18,299.0,2.8207547169811322,10.410474945681075
3305.0,12,161.0,1.5188679245283019,10.622959281705167
3310.0,13,208.0,2.0,10.95872008227764
3315.0,13,115.0,1.0454545454545454,11.010321567561936
3320.0,12,126.0,1.2,11.123216458571202
3325.0,12,136.0,1.3737373737373737,10.622622986783128
3330.0,17,213.0,2.2421052631578946,10.466770743216152
3335.0,14,156.0,1.5,10.779799350375793
3340.0,14,212.0,2.0384615384615383,11.33799412456641
3345.0,6,94.0,0.9494949494949495,11.582249068622435
3350.0,6,124.0,1.1376146788990826,12.27858115973727
3355.0,7,47.0,0.44761904761904764,11.842472136170809
3360.0,7,55.0,0.5913978494623656,12.083318296358492
3365.0,7,84.0,0.9230769230769231,11.821478984360983
3370.0,10,127.0,1.2828282828282829,11.68816885855815
3375.0,6,76.0,0.7916666666666666,11.693752207676901
3380.0,7,109.0,1.1595744680851063,11.693694023777814
3385.0,5,48.0,0.4897959183673469,11.925486551343418
3390.0,9,82.0,0.8817204301075269,11.6093232104698
3395.0,5,43.0,0.4725274725274725,11.766527051689419
3400.0,7,74.0,0.8314606741573034,11.913794884868617
3405.0,7,74.0,0.7956989247311828,11.337153206816435
3410.0,12,130.0,1.4942528735632183,11.124681547804775
3415.0,6,50.0,0.5952380952380952,11.326843380157776
3420.0,8,84.0,1.0632911392405062,11.379619821832666
3425.0,7,62.0,0.6888888888888889,11.533131291160203
3430.0,7,97.0,1.1022727272727273,11.719422112364555
3435.0,6,76.0,0.8735632183908046,12.00532973726396
3440.0,7,108.0,1.1868131868131868,11.830352307167187
3445.0,5,70.0,0.8045977011494253,11.709791982341207
3450.0,8,102.0,1.2,11.765592129777723
3455.0,4,29.0,0.35802469135802467,11.656194469842996
3460.0,6,56.0,0.6222222222222222,12.330728910193155
3465.0,3,4.0,0.045454545454545456,12.145439294818162
3470.0,6,25.0,0.28735632183908044,11.826462073060421
3475.0,7,58.0,0.6236559139784946,11.732084809847402
3480.0,11,108.0,1.1868131868131868,11.193778077502904
3485.0,11,127.0,1.4597701149425288,11.218454664466552
3490.0,11,182.0,2.2195121951219514,11.352739394148816
3495.0,6,61.0,0.6777777777777778,11.207337018928337
3500.0,9,99.0,1.1123595505617978,11.54542152677364
3505.0,4,17.0,0.19540229885057472,11.722944422103692
3510.0,5,40.0,0.49382716049382713,11.56580978259667
3515.0,8,47.0,0.5164835164835165,11.23663742091924
3520.0,11,98.0,1.1136363636363635,11.107227008749588
3525.0,10,112.0,1.3658536585365855,10.938224815309995
3530.0,11,165.0,1.7934782608695652,11.121700968496784
3535.0,8,67.0,0.7362637362637363,10.93376342709791
3540.0,10,114.0,1.2808988764044944,11.428028276684055
3545.0,3,30.0,0.3488372093023256,11.769906520156798
3550.0,5,48.0,0.5217391304347826,11.983345517513627
3555.0,6,43.0,0.4942528735632184,11.903169812519652
3560.0,9,78.0,0.9176470588235294,11.741595961336735
3565.0,7,82.0,0.8817204301075269,11.470477422230356
3570.0,11,131.0,1.4719101123595506,11.06780908869997
3575.0,8,84.0,0.9882352941176471,11.123724230830055
3580.0,8,124.0,1.4761904761904763,11.424104421424355
3585.0,3,21.0,0.22580645161290322,11.671918893008757
3590.0,5,38.0,0.42696629213483145,11.722025401625313
3595.0,5,37.0,0.43023255813953487,11.554375739833462
3600.0,9,73.0,0.8488372093023255,11.169967179504715
3605.0,10,82.0,0.9010989010989011,11.040067211966223
3610.0,12,137.0,1.5930232558139534,10.868565397705048
3615.0,8,73.0,0.8588235294117647,10.82445345690908
3620.0,9,118.0,1.2291666666666667,11.463514565176213
3625.0,6,35.0,0.3763440860215054,11.230884439290806
3630.0,8,72.0,0.8181818181818182,11.572007926560556
3635.0,7,56.0,0.6588235294117647,11.406947198668991
3640.0,9,96.0,1.0105263157894737,11.400377066375443
3645.0,12,110.0,1.2087912087912087,11.138010849445223
3650.0,12,170.0,1.9540229885057472,11.238105015894574
3655.0,6,86.0,0.8958333333333334,11.79107516885702
3660.0,10,125.0,1.3888888888888888,11.451383746964325
3665.0,5,38.0,0.42696629213483145,11.67150701423607
3670.0,7,68.0,0.7906976744186046,11.695554948597131
3675.0,6,43.0,0.45263157894736844,11.891339102646814
3680.0,7,78.0,0.8571428571428571,11.742245913126261
3685.0,7,72.0,0.8470588235294118,11.434856072180533
3690.0,9,110.0,1.2941176470588236,11.105969458609177
3695.0,7,53.0,0.5760869565217391,11.634711126588344
3700.0,9,93.0,1.0568181818181819,11.540729181960495
3705.0,4,51.0,0.5930232558139535,11.52937293191056
3710.0,7,78.0,0.8041237113402062,11.876612649572156
3715.0,5,36.0,0.3829787234042553,11.721051305559207
3720.0,7,69.0,0.7666666666666667,11.896387420581469
3725.0,7,62.0,0.7469879518072289,11.4731249272693
3730.0,12,110.0,1.2222222222222223,11.030371777272475
3735.0,6,46.0,0.5227272727272727,11.214316067908838
3740.0,7,72.0,0.8571428571428571,11.51564853136804
3745.0,6,59.0,0.6210526315789474,11.70399570472437
3750.0,7,93.0,1.0449438202247192,11.395473352406489
3755.0,8,78.0,0.896551724137931,11.269648981122947
3760.0,11,122.0,1.4878048780487805,11.115722534517433
3765.0,8,82.0,0.9111111111111111,11.232917714524989
3770.0,11,131.0,1.5595238095238095,11.17609597480254
3775.0,6,53.0,0.6385542168674698,11.230268711436445
3780.0,7,86.0,1.036144578313253,11.700666372335741
3785.0,3,13.0,0.13978494623655913,11.516316953134917
3790.0,9,47.0,0.5402298850574713,11.409867437833983
3795.0,7,59.0,0.6941176470588235,11.302307457662636
3800.0,10,106.0,1.1157894736842104,11.21054948668974
3805.0,11,101.0,1.1222222222222222,10.838888723151085
3810.0,14,165.0,1.896551724137931,10.64947934863786
3815.0,8,105.0,1.2352941176470589,10.646732784206396
3820.0,11,156.0,1.6774193548387097,11.045096092016873
3825.0,6,51.0,0.5604395604395604,11.166319695776558
3830.0,7,82.0,0.9318181818181818,11.646036533436446
3835.0,4,46.0,0.4791666666666667,11.893674453670078
3840.0,6,73.0,0.776595744680851,11.766626450924402
3845.0,6,57.0,0.6333333333333333,11.433557593392008
3850.0,10,99.0,1.1123595505617978,11.437987676908717
3855.0,6,66.0,0.673469387755102,11.140516203232442
3860.0,10,110.0,1.1702127659574468,11.511344387180168
3865.0,3,29.0,0.30851063829787234,11.784891340438882
3870.0,3,44.0,0.5057471264367817,12.04096245162928
3875.0,6,32.0,0.3333333333333333,11.901916937446432
3880.0,10,75.0,0.8333333333333334,11.674818335783703
3885.0,8,81.0,0.9759036144578314,11.202276027919517
3890.0,10,127.0,1.4269662921348314,11.295793895819369
3895.0,7,78.0,0.9069767441860465,11.247677188190737
3900.0,7,113.0,1.3294117647058823,11.443155322305367
3905.0,2,27.0,0.32926829268292684,11.873608550608887
3910.0,4,42.0,0.46153846153846156,12.173715202986616
3915.0,6,21.0,0.23333333333333334,11.625693720339486
3920.0,8,58.0,0.6904761904761905,11.558227601810207
3925.0,7,83.0,0.9021739130434783,11.509369814279307
3930.0,10,131.0,1.4719101123595506,11.109913707935894
3935.0,6,58.0,0.6666666666666666,11.370149689649645
3940.0,7,90.0,1.0588235294117647,11.63672078655211
3945.0,4,22.0,0.23157894736842105,11.392745312519121
3950.0,8,55.0,0.6043956043956044,11.434954974339261
3955.0,6,39.0,0.4431818181818182,11.472771085508004
3960.0,7,73.0,0.9012345679012346,11.423126287741667
3965.0,7,83.0,0.9222222222222223,11.569227038050965
3970.0,7,118.0,1.3409090909090908,11.38980110450634
3975.0,4,40.0,0.47619047619047616,11.016230441153178
3980.0,8,76.0,0.8260869565217391,11.427003244125261
3985.0,4,29.0,0.32222222222222224,11.589725671691541
3990.0,5,53.0,0.6022727272727273,12.046109643332308
3995.0,4,27.0,0.3176470588235294,11.98563541221075
4000.0,6,51.0,0.5425531914893617,11.860267215288097
4005.0,7,65.0,0.7222222222222222,11.078421072208005
4010.0,13,121.0,1.4578313253012047,10.752978652007961
4015.0,8,66.0,0.717391304347826,11.262469378934957
4020.0,9,109.0,1.211111111111111,11.204075994145699
4025.0,8,67.0,0.7701149425287356,11.074331628625984
4030.0,9,108.0,1.2857142857142858,11.456810016158995
4035.0,6,62.0,0.6595744680851063,11.146098115126708
4040.0,11,114.0,1.2954545454545454,10.89820346579282
4045.0,10,114.0,1.3411764705882352,10.74635499739899
4050.0,13,174.0,2.1219512195121952,10.69248655108291
4055.0,7,83.0,0.9120879120879121,11.19514432531022
4060.0,11,125.0,1.3888888888888888,11.393491483857032
4065.0,6,55.0,0.625,11.461691498517437
4070.0,8,91.0,0.9285714285714286,11.63926087749157
4075.0,7,59.0,0.6210526315789474,11.825064544251068
4080.0,8,95.0,1.0555555555555556,11.837711471402312
4085.0,8,97.0,1.1411764705882352,11.292234890381064
4090.0,12,153.0,1.6451612903225807,11.315451577890386
4095.0,4,35.0,0.38461538461538464,11.393549068571307
4100.0,8,71.0,0.8160919540229885,11.55554771920152
4105.0,6,29.0,0.30851063829787234,11.758505433164066
4110.0,9,64.0,0.6881720430107527,11.828699924578487
4115.0,5,58.0,0.6304347826086957,12.010581000017755
4120.0,7,85.0,1.0119047619047619,11.63070682845143
4125.0,8,67.0,0.7362637362637363,11.434002639844314
4130.0,10,116.0,1.3181818181818181,11.314178966833113
4135.0,8,111.0,1.3058823529411765,11.430713926587476
4140.0,11,160.0,1.8823529411764706,11.281368792601691
4145.0,11,183.0,1.967741935483871,11.06146888348397
4150.0,15,248.0,2.8505747126436782,10.867164389993576
4155.0,11,255.0,3.0357142857142856,10.866100209028577
4160.0,13,317.0,3.372340425531915,11.212629532782248
4165.0,10,309.0,3.4719101123595504,10.894972054536995
4170.0,12,366.0,4.255813953488372,10.943293832938778
4175.0,13,424.0,5.234567901234568,10.591713516433797
4180.0,15,495.0,5.561797752808989,10.482083059701571
4185.0,12,510.0,5.862068965517241,10.433846340629806
4190.0,15,580.0,6.904761904761905,10.419668442720527
4195.0,13,617.0,6.706521739130435,10.836684506961547
4200.0,15,686.0,7.538461538461538,10.538973902059649
4205.0,15,745.0,8.370786516853933,10.327471290114715
4210.0,18,833.0,9.8,10.151961317857475
4215.0,16,884.0,9.11340206185567,10.228525942963289
4220.0,19,974.0,10.041237113402062,10.300293273019893
4225.0,15,449.0,4.827956989247312,10.323642197053749
4230.0,8,107.0,1.202247191011236,10.296139166769274
4235.0,14,165.0,1.683673469387755,10.20837274731574
4240.0,21,256.0,2.6666666666666665,9.731098670913738
4245.0,16,175.0,1.9230769230769231,9.782446832929528
4250.0,17,258.0,2.58,10.46136086742692
4255.0,14,227.0,2.292929292929293,10.32933635590197
4260.0,16,291.0,3.095744680851064,10.57671392381025
4265.0,12,187.0,2.032608695652174,10.359542201088342
4270.0,9,64.0,0.6464646464646465,10.985769713947445
4275.0,5,31.0,0.3229166666666667,10.677544285269898
4280.0,15,83.0,0.8736842105263158,10.545628519444096
4285.0,12,90.0,0.8653846153846154,10.883830032931634
4290.0,15,159.0,1.5588235294117647,10.745839348621853
4295.0,13,196.0,2.0,10.815014251650263
4300.0,15,270.0,2.872340425531915,10.775486967518125
4305.0,11,169.0,1.6568627450980393,10.9298524823562
4310.0,10,115.0,1.1734693877551021,11.143466482487227
4315.0,7,74.0,0.7789473684210526,10.932515612218937
4320.0,13,127.0,1.4111111111111112,10.738235264361755
4325.0,9,66.0,0.6534653465346535,11.32095016706764
4330.0,10,112.0,1.1666666666666667,11.262514387298234
4335.0,11,145.0,1.576086956521739,11.116723031326199
4340.0,12,202.0,2.0,11.300783161950195
4345.0,9,107.0,1.0918367346938775,10.936687104031673
4350.0,10,119.0,1.2659574468085106,11.328803610040898
4355.0,10,66.0,0.7333333333333333,10.988084752195025
4360.0,11,112.0,1.12,11.235887574727395
4365.0,8,84.0,0.865979381443299,11.254112761265658
4370.0,10,130.0,1.3829787234042554,11.404971200640917
4375.0,9,120.0,1.1650485436893203,11.396157290744725
4380.0,17,181.0,1.865979381443299,10.82429784939572
4385.0,11,115.0,1.2637362637362637,10.950406842699843
4390.0,10,151.0,1.735632183908046,11.12069865774423
4395.0,8,81.0,0.84375,11.402174298775876
4400.0,11,130.0,1.3829787234042554,11.405464322179029
4405.0,5,36.0,0.4,11.496246322893661
4410.0,7,68.0,0.7640449438202247,11.755113607462945
4415.0,6,59.0,0.6344086021505376,12.084179412338102
4420.0,8,94.0,1.032967032967033,11.905642171622096
4425.0,6,62.0,0.7126436781609196,11.86082746858991
4430.0,6,92.0,0.968421052631579,11.868116414509853
4435.0,3,18.0,0.2,11.653306498374114
4440.0,7,49.0,0.5568181818181818,11.925486436964464
4445.0,4,15.0,0.17647058823529413,11.771676949843696
4450.0,5,39.0,0.42391304347826086,11.902905625653714
4455.0,7,44.0,0.5057471264367817,11.374463606279562
4460.0,10,93.0,1.1071428571428572,11.51025583563052
4465.0,8,105.0,1.1931818181818181,11.250710203811497
4470.0,13,158.0,1.8588235294117648,10.628498754432224
4475.0,8,96.0,1.1294117647058823,10.967944894390545
4480.0,9,140.0,1.6666666666666667,11.49665904926843
4485.0,3,26.0,0.2857142857142857,11.889024069104265
4490.0,6,46.0,0.5168539325842697,12.021692365747855
4495.0,3,20.0,0.22727272727272727,11.769011827190742
4500.0,7,46.0,0.5542168674698795,11.1408627484127
4505.0,8,67.0,0.7282608695652174,11.211115302380902
4510.0,12,123.0,1.3820224719101124,10.947051277021986
4515.0,7,68.0,0.7816091954022989,11.198181701208316
4520.0,8,108.0,1.125,11.656796996145191
4525.0,1,3.0,0.03260869565217391,11.781766989280811
4530.0,6,22.0,0.25,11.766575112261126
4535.0,7,36.0,0.43373493975903615,11.453878764211721
4540.0,10,80.0,0.851063829787234,11.502726712750093
4545.0,7,85.0,0.9659090909090909,10.768957930415981
4550.0,14,147.0,1.7294117647058824,10.771067988875506
4555.0,7,95.0,1.0326086956521738,10.857840114934554
4560.0,10,141.0,1.5494505494505495,11.105947009304598
4565.0,5,58.0,0.651685393258427,11.579797233988222
4570.0,6,84.0,0.9767441860465116,12.014219740507698
4575.0,3,27.0,0.29347826086956524,11.663630043367181
4580.0,9,64.0,0.7191011235955056,11.405271505779835
4585.0,8,62.0,0.6966292134831461,11.289448862219425
4590.0,9,106.0,1.2325581395348837,11.038924646839725
4595.0,8,95.0,1.0106382978723405,11.304215441343345
4600.0,10,140.0,1.5217391304347827,11.429792714764758
4605.0,4,26.0,0.29213483146067415,11.570683949328998
4610.0,9,55.0,0.5612244897959183,11.538278439702005
4615.0,8,69.0,0.7419354838709677,11.326623136381427
4620.0,11,121.0,1.423529411764706,11.22413768309498
4625.0,9,85.0,1.0240963855421688,11.028445296533747
4630.0,10,134.0,1.425531914893617,11.35810293863061
4635.0,9,88.0,0.9777777777777777,11.324426173868064
4640.0,10,134.0,1.5402298850574712,11.54332684544468
4645.0,3,24.0,0.25263157894736843,11.628380054021399
4650.0,8,56.0,0.6021505376344086,11.687230317186282
4655.0,6,45.0,0.5113636363636364,11.848291857750992
4660.0,8,79.0,0.9294117647058824,11.422296749272183
4665.0,10,84.0,0.9130434782608695,10.96576744567991
4670.0,14,149.0,1.6555555555555554,11.03628969402739
4675.0,7,89.0,1.0113636363636365,11.398695534300732
4680.0,8,125.0,1.4880952380952381,11.530187196867569
4685.0,4,46.0,0.5,11.802623865472386
4690.0,6,74.0,0.8604651162790697,11.826446928231771
4695.0,3,30.0,0.35714285714285715,12.213503930363132
4700.0,4,46.0,0.4946236559139785,12.334111271709784
4705.0,3,25.0,0.27472527472527475,11.773125733350998
4710.0,8,56.0,0.6436781609195402,11.719231837738556
4715.0,3,17.0,0.20481927710843373,11.551931545140533
4720.0,8,50.0,0.5434782608695652,11.582596198756402
4725.0,5,27.0,0.30337078651685395,11.828155382569857
4730.0,7,56.0,0.6666666666666666,11.678337636365391
4735.0,7,53.0,0.5760869565217391,11.747283963720704
4740.0,10,96.0,1.0666666666666667,11.244766146654179
4745.0,9,92.0,1.0823529411764705,11.038455539663685
4750.0,11,143.0,1.7023809523809523,10.753746327157561
4755.0,10,99.0,1.1,10.659444588011624
4760.0,13,162.0,1.8,10.950952709237553
4765.0,6,80.0,0.9302325581395349,11.341768087926445
4770.0,6,110.0,1.3414634146341464,11.87437014682259
4775.0,4,46.0,0.5111111111111111,11.614144726584295
4780.0,8,77.0,0.8850574712643678,11.285629654303596
4785.0,9,47.0,0.5529411764705883,10.956044061642496
4790.0,10,96.0,1.0212765957446808,11.031312008549301
4795.0,7,70.0,0.7608695652173914,11.356535947689538
4800.0,10,110.0,1.2222222222222223,11.488138343547412
4805.0,3,37.0,0.42528735632183906,11.622578608133097
4810.0,6,63.0,0.65625,11.742880677604191
4815.0,6,18.0,0.1935483870967742,11.562776539832575
4820.0,8,53.0,0.5955056179775281,11.648158845924335
4825.0,10,84.0,0.8936170212765957,11.451312960429483
4830.0,13,142.0,1.5604395604395604,11.010210285138932
4835.0,9,96.0,1.0666666666666667,10.86919917818564
4840.0,10,146.0,1.6781609195402298,11.29104174645313
4845.0,5,49.0,0.532608695652174,11.366789589066766
4850.0,6,77.0,0.8651685393258427,11.848949622378703
4855.0,5,46.0,0.5348837209302325,11.682157511923327
4860.0,8,80.0,0.963855421686747,11.615308032553372
4865.0,6,68.0,0.7391304347826086,11.203104492513576
4870.0,12,121.0,1.3595505617977528,11.0603584333784
4875.0,7,74.0,0.8809523809523809,11.248836966245078
4880.0,8,112.0,1.1789473684210525,11.434731449224026
4885.0,6,36.0,0.3829787234042553,11.219957214038413
4890.0,9,75.0,0.8241758241758241,11.66863889809232
4895.0,8,66.0,0.7586206896551724,11.35138216713179
4900.0,12,116.0,1.2473118279569892,11.055941653768905
4905.0,11,133.0,1.4615384615384615,11.16961733941771
4910.0,11,188.0,2.1363636363636362,11.254789494191236
4915.0,5,71.0,0.7717391304347826,11.253796591930444
4920.0,11,112.0,1.2307692307692308,11.09000128639365
4925.0,6,34.0,0.38202247191011235,11.356199299269862
4930.0,8,72.0,0.8372093023255814,11.761364204344689
4935.0,6,60.0,0.6382978723404256,11.92333539744495
4940.0,8,95.0,1.021505376344086,11.760705327609491
4945.0,8,85.0,0.9883720930232558,11.416690971961401
4950.0,12,139.0,1.6951219512195121,10.882834509053689
4955.0,8,87.0,0.9560439560439561,11.16146556772751
4960.0,10,137.0,1.5393258426966292,11.456240153936399
4965.0,5,65.0,0.7386363636363636,11.464449216379784
4970.0,7,99.0,1.0206185567010309,11.95691672198674
4975.0,6,42.0,0.45652173913043476,11.545421377025251
4980.0,9,80.0,0.9302325581395349,11.399111382328012
4985.0,8,75.0,0.9375,11.25668223995395
4990.0,10,121.0,1.3595505617977528,11.034557598051238
4995.0,9,95.0,1.0674157303370786,11.083640217481422
5000.0,10,144.0,1.6179775280898876,11.392883126601262
